ID,Name,Gender,Age,Birthday,Address
3a51d033-90aa-4c39-ada8-1e56a12efec6,쇼타로,Male,22,2000-12-28,경기도 의왕시 149길 86
7afb5982-7f82-41bb-a0c0-a75feb1b756c,쟈니,Male,98,2006-08-02,전라북도 진안군 117로 8
96eab4ee-4acf-4664-982d-c244a50ec786,지성,Male,29,2006-09-11,인천광역시 서구 39길 126
0c572828-1f36-4293-9957-eecd9aa76a76,유우시,Male,39,2012-10-16,강원도 동해시 143길 28
0fad9575-912a-4c81-a2ed-f63129b6cb10,리쿠,Female,21,2013-05-28,충청남도 아산시 24로 66
d99654d0-82fe-4412-918a-d68416e7d83d,태용,Female,51,2010-07-19,전라남도 목포시 129길 73
2908d2fe-3f4b-4f15-9740-d8244e8f2740,도영,Male,74,2007-04-19,인천광역시 옹진군 22로 122
4741b518-1856-43a0-803e-3ee7d4854410,해찬,Female,67,2013-10-25,강원도 평창군 107길 127
a7dda54b-1d03-4cb9-b3f8-ec754dbb54a9,해찬,Male,85,2010-09-14,경기도 성남시중원구 130길 124
2700380c-df95-48e9-80d9-eea689a91a69,유타,Female,42,2017-02-01,전라남도 목포시 32로 51
3de0a816-0bf1-4a82-a613-8201922dc4e5,제노,Male,100,2016-06-21,서울특별시 관악구 96길 77
93614259-b2e6-4e4d-8d55-5283fae3a9b2,정우,Female,83,1995-02-19,강원도 태백시 77길 135
c4b97e12-7f2b-4d75-901e-c392fc41554b,쇼타로,Female,56,1996-09-24,서울특별시 동대문구 86길 47
c46e200f-140b-487c-8ed3-3e222b41b139,천러,Female,31,1992-09-17,경상남도 남해군 90로 139
eabc2551-4f72-4c67-8db3-fce69c1b57c3,리쿠,Female,99,1995-02-21,충청남도 공주시 135로 139
2f7be310-bdac-4711-a376-69335d5c65e0,태용,Female,26,2005-04-03,경기도 성남시중원구 105길 57
637b3976-46ba-4cc9-af46-9e5d10ef5018,태용,Male,46,2011-12-03,전라북도 전주시완산구 55길 69
934d3c5e-e59c-40d5-9724-27af226b864e,해찬,Female,13,1992-04-08,전라북도 고창군 12길 124
a79caddf-e502-43a6-b63a-eea54136d344,런쥔,Female,85,2011-05-26,충청북도 괴산군 123로 90
c8b4334e-2b6e-4ab2-af9a-71a5e0ecb429,료,Female,18,2011-02-16,충청북도 괴산군 104로 11
f10e4996-c27b-4634-ac48-25c9f89fef85,유우시,Male,52,2015-01-11,제주특별자치도 서귀포시 140길 59
34f1d9bb-7a52-4573-920f-85b091f226a4,쟈니,Male,43,1993-11-17,경상남도 합천군 28길 117
608d0553-9a70-45d2-970e-2181b1544919,해찬,Female,50,2016-12-18,경기도 군포시 92로 58
571e032a-f954-473b-94c6-d982d4958dbc,유우시,Male,34,1992-04-26,충청남도 예산군 149로 21
7fb5fe5d-3fe6-4eda-9717-b42a88ea7bf7,도영,Male,80,2015-06-11,충청남도 아산시 43로 51
9df4ac0c-7449-4984-87e9-2e0f59bcc555,쟈니,Female,99,2012-01-27,경기도 시흥시 59길 1
5f65aff9-2d87-465c-af39-0b1bab78f5a0,사쿠야,Female,20,2013-12-21,경상남도 창원시마산회원구 16로 60
1840271a-434e-4c1d-84de-2544c8a4e96d,쟈니,Female,55,1990-11-06,경기도 의왕시 92로 101
c20e2cdf-692a-4be4-b93a-d7825980d4c2,런쥔,Female,70,2017-04-13,경기도 광명시 110로 12
217332d5-7696-4b0a-8b71-c7b35b70c245,천러,Male,68,2007-05-16,충청남도 공주시 20로 49
e0e32b2c-68c5-4f52-adb4-a9727c100275,유우시,Female,74,2019-01-12,경상남도 하동군 110길 80
b5e0035a-17e6-4f24-a462-050029040681,천러,Female,92,1998-07-16,충청남도 서천군 43길 46
35beb2cf-4372-4691-a715-eb42e553e2f9,료,Male,42,2008-06-15,전라남도 장성군 67길 136
3d488260-8e34-4e47-a0d9-a67f3686953b,마크,Male,91,2015-07-01,인천광역시 남동구 87길 14
2f380c75-8450-4fb0-998b-e7a75019d3dc,천러,Female,89,2011-01-28,전라남도 장흥군 81길 10
a97074e1-0a7a-4333-ae23-447f5d613083,재희,Female,35,2012-04-23,경기도 동두천시 48길 146
3cdd9aad-b2ff-4114-8710-7362dddaa31d,지성,Male,75,2020-06-13,경상북도 영양군 82로 28
a5cb2d24-d8dc-4c36-bf1b-c398f24d9bc9,천러,Male,92,2018-01-07,부산광역시 중구 104로 102
c777ac81-797a-4281-ab1f-e04cae2cf935,사쿠야,Female,18,1999-04-28,경상북도 포항시남구 109로 106
75989831-faf5-4bd0-bd1d-b416af4c6f42,지성,Female,53,2007-07-01,경상남도 창원시마산회원구 19로 31
44c3d21e-c30f-4875-afb2-4669b7c50e4c,재희,Female,90,2009-04-27,인천광역시 계양구 139로 103
d595a61a-2296-4f59-8cb2-5f071703d4b7,도영,Male,51,2007-09-01,전라남도 강진군 75길 53
0c9f3be9-8a98-49a8-8ce5-19c9bfc70e23,해찬,Male,15,1994-04-24,경상남도 통영시 82길 118
fe48f308-0597-49fb-b7ce-944444a93ad0,정우,Female,100,2014-02-26,경기도 용인시기흥구 35길 145
e99e54f7-db76-4df5-8674-aabd9969fc89,쟈니,Female,13,2009-07-18,울산광역시 울주군 126길 100
80f40b8e-86db-4419-8df9-7d8df6932ee7,지성,Female,57,2012-02-13,서울특별시 강북구 30길 13
a707d990-16e0-4230-b2b3-905f448d7986,해찬,Female,41,2015-04-20,전라북도 순창군 26길 69
2c03d8f3-93b7-46c5-9d01-3d0ce90131e2,도영,Female,72,1990-04-19,경상남도 산청군 69로 30
90017f80-2897-4b20-863b-2d366ffc0d55,지성,Male,28,1998-09-05,경기도 김포시 143로 140
5a52ba19-651a-4af8-9302-6f3c6c2cb19c,천러,Male,88,2001-12-03,경상남도 사천시 68로 140
f03c1024-046e-41ce-a66c-086016a3967c,시온,Male,23,1992-04-16,경기도 수원시권선구 101길 36
1c55599b-19f1-43ab-8499-f12636364086,유우시,Male,48,1996-10-07,경기도 의정부시 50로 137
3c210e76-d30e-40a5-afc0-6bf287bd5ab3,리쿠,Female,80,1997-02-05,충청남도 천안시동남구 83로 79
42d4912d-3e5d-48ed-85bb-7f9c432b6639,재현,Male,34,2014-02-13,경기도 고양시일산동구 148길 28
f22c15c4-2405-4270-b86e-4a780781147a,도영,Male,24,1996-02-20,경상남도 사천시 125로 70
8a9b27c4-b9a0-44cc-a0e7-42556bab3e41,정우,Female,86,1994-08-12,경기도 화성시 124로 126
0bb258c6-2c87-4766-950a-155ae20b9dd3,료,Female,26,1995-01-19,경기도 포천시 6로 103
71960db1-38f9-4889-a5ad-1e839e5ccac8,사쿠야,Female,64,2001-07-21,광주광역시 서구 99길 135
632bf824-c5cb-491a-a774-1118d9b11e70,리쿠,Male,95,1990-06-08,서울특별시 성북구 81로 69
7648578a-8015-4fd0-ac78-bb51d0c0f866,해찬,Female,35,1996-12-21,전라북도 장수군 105로 1
abd37023-02ab-4313-b86c-99c70922bace,태용,Female,86,1993-09-14,전라북도 부안군 28로 54
14255928-8408-4b84-a877-c3e9ad738dbf,런쥔,Female,41,2009-01-27,전라남도 장흥군 28길 35
4d50d36f-6400-43d0-b288-9cdaf3493c33,재현,Female,49,2014-05-08,충청북도 청주시청원구 30길 53
608932a9-1de2-4b28-9a9a-e2157e905b22,정우,Male,73,2017-05-04,울산광역시 동구 38로 87
81c7f79f-9fd6-438b-aa67-ebded512dda0,유우시,Female,17,2010-04-18,충청남도 예산군 5길 15
c8ba8ed1-693b-4d4b-9071-ee0bf97d0677,해찬,Male,95,2001-02-16,전라북도 순창군 2길 117
76703213-758e-428f-b4c0-846bb7123d82,태용,Male,65,1999-11-14,전라남도 강진군 115로 131
ea921e70-d2ee-4df1-9bc5-d2e371fabbf9,런쥔,Female,34,2010-08-05,전라북도 김제시 124길 54
17eda22a-54d2-4617-982f-724b07044938,정우,Male,79,2015-04-17,경상남도 진주시 19길 90
6614627c-6d3c-45fd-b035-be99f76d5c2f,런쥔,Male,41,1991-01-22,대전광역시 동구 40길 10
9739af27-6e97-4dd4-8142-c131695379d4,리쿠,Female,45,2000-09-24,전라남도 무안군 15로 139
0b87c832-a042-4f8b-a95f-8b70c5cd19d7,천러,Female,92,1994-08-18,인천광역시 미추홀구 97로 69
86f6cb91-24fd-44f0-9018-b049f63de2a4,지성,Male,52,1997-03-06,경상북도 상주시 128길 127
81b1afd7-fab7-4c79-93e1-6ac7f12cdc6c,해찬,Male,64,2002-05-15,충청북도 옥천군 47로 13
94fa4c04-eb19-4e20-8146-47ea5ce01bde,유우시,Male,43,2000-07-01,강원도 삼척시 97길 76
5779aee9-831f-4b04-ba82-631fa4dd9122,쟈니,Female,79,2011-12-16,대구광역시 북구 100길 18
ce9e3888-6b40-4c35-afcb-5cfd3ac978fd,해찬,Male,89,1997-10-24,경상북도 청도군 131길 61
b264536e-55c5-4966-affa-870dcefb8d92,마크,Female,37,1996-12-26,부산광역시 북구 106로 150
f34c2f8f-45ed-4bcc-a6cb-22cacc4467a6,도영,Female,67,1990-12-13,서울특별시 광진구 77길 63
3fb26121-5a18-44ae-bd91-2f87660d5e10,태용,Female,90,2020-05-16,경상북도 영천시 82길 9
bb5b3adb-e91c-471c-b6ec-8f61884b73bb,지성,Male,56,2014-11-15,충청북도 청주시상당구 80로 78
dddba175-85a9-4ce3-a232-135381346f38,유우시,Female,65,2007-02-02,경기도 평택시 132길 34
7c631b8b-6c35-4f96-802a-7ceedd568e7e,런쥔,Female,79,2006-01-10,충청북도 영동군 115로 32
5bad078d-affa-4622-8c31-a77b6f73c9fc,재현,Female,60,1999-02-15,광주광역시 서구 42길 4
fe433e0d-238d-4f40-afd6-8877e13a039c,제노,Female,15,2015-10-27,경기도 용인시기흥구 50로 2
58e7293f-544b-4bda-94ce-7e9730c56348,리쿠,Female,78,1995-01-10,전라남도 순천시 84길 94
bad23f54-f3fd-49a3-b6bc-a244acfe98a5,유타,Male,53,2010-03-12,서울특별시 서초구 141길 133
5ebf1e9a-c148-42f6-82b4-190ae2befb90,유타,Male,94,2020-08-11,서울특별시 성북구 14길 24
1acdd915-1806-4cf7-90ea-2f7982aebe93,제노,Male,57,1996-10-18,충청남도 청양군 148로 12
d92baf60-4256-4b17-a529-0ddea113f316,시온,Male,54,1991-01-28,대구광역시 북구 38길 128
2b2bf4c1-2d12-4f7c-851c-3c2315dc0b12,해찬,Male,71,2012-02-14,부산광역시 금정구 128길 61
2eb1d1be-da1d-4d4f-b4ea-5883180155cc,마크,Male,58,1995-11-24,경상북도 울릉군 29로 36
0e36d743-2a7d-4293-a495-db6262ba2756,리쿠,Male,98,1991-07-09,서울특별시 성동구 30로 93
0e3012f0-9393-49e7-901f-e3c60f543150,마크,Male,13,2000-11-16,강원도 고성군 84길 33
0432ed7c-7940-45fe-841d-f7a28e2ad98e,시온,Female,44,2000-09-04,부산광역시 영도구 26로 132
8b166fbf-6514-434f-8d52-8c1f9b6751a3,태용,Female,69,1990-06-14,충청남도 당진시 77길 46
4a46208d-c0ff-4324-9709-cd5a40dfc334,천러,Female,14,1991-06-09,부산광역시 사상구 38길 12
3e6ec812-392e-48a2-8df5-c8933b7342bd,쟈니,Male,69,2004-08-19,대구광역시 중구 38로 29
4a113340-af2d-4782-9565-cb479022f009,사쿠야,Male,89,2019-12-08,울산광역시 울주군 46로 139
7bb58124-bc40-450d-a8f2-86cf1833e69f,지성,Female,62,1997-07-13,경상북도 포항시남구 80길 13
